{"cameraMode":{"drawMode":0,"name":"Shaded","section":"Shading Mode"},"sceneLighting":true,"audioPlay":false,"sceneViewState":{"showFog":true,"showMaterialUpdate":false,"showSkybox":true,"showFlares":true,"showImageEffects":true,"showParticleSystems":true},"in2DMode":false,"pivot":{"x":2.2200000286102297,"y":1.7100000381469727,"z":0.6000000238418579},"rotation":{"x":0.1642918884754181,"y":0.39091092348098757,"z":-0.07113411277532578,"w":0.9028560519218445},"size":5.758292198181152,"orthographic":true}