{"cameraMode":{"drawMode":0,"name":"Shaded","section":"Shading Mode"},"sceneLighting":true,"audioPlay":false,"sceneViewState":{"showFog":true,"showMaterialUpdate":false,"showSkybox":true,"showFlares":true,"showImageEffects":true,"showParticleSystems":true},"in2DMode":false,"pivot":{"x":13.430251121520996,"y":-3.525567054748535,"z":7.6513214111328129},"rotation":{"x":0.09192606061697006,"y":0.570384681224823,"z":-0.06444036960601807,"w":0.8136704564094544},"size":9.408236503601075,"orthographic":false}