{"cameraMode":{"drawMode":0,"name":"Shaded","section":"Shading Mode"},"sceneLighting":true,"audioPlay":false,"sceneViewState":{"showFog":true,"showMaterialUpdate":false,"showSkybox":true,"showFlares":true,"showImageEffects":true,"showParticleSystems":true},"in2DMode":false,"pivot":{"x":-4.77379846572876,"y":4.506297588348389,"z":-4.7280778884887699},"rotation":{"x":-0.2315782606601715,"y":-0.3860538899898529,"z":0.10077742487192154,"w":-0.8872706294059753},"size":3.261416435241699,"orthographic":false}